Workbook

Sheet Teams
A1: Dapper Badgers | B1: USA Condor
A2: Dan Raven | B2: JVM
A3: Bokur Memes | B3: Brandon Owens
A4: Kyle | B4: Blake Hooper
A5: Gatorman Pete | B5: Brad Park
A6: Steve King | B6: Justin Du

Sheet 0
B1: =Teams!$B2 -> JVM | C1: =Teams!$B3 -> Brandon Owens | D1: =Teams!$B4 -> Blake Hooper | E1: =Teams!$B5 -> Brad Park | F1: =Teams!$B6 -> Justin Du
A2: =Teams!A2 -> Dan Raven | B2: 1 | C2: 2 | D2: 3 | E2: 4 | F2: 5
A3: =Teams!A3 -> Bokur Memes | B3: 5 | C3: 4 | D3: 3 | E3: 2 | F3: 1
A4: =Teams!A4 -> Kyle | B4: 3 | C4: 4 | D4: 2 | E4: 3 | F4: 4
A5: =Teams!A5 -> Gatorman Pete | B5: 4 | C5: 4 | D5: 4 | E5: 4 | F5: 4
A6: =Teams!A6 -> Steve King | B6: 3 | C6: 1 | D6: 2 | E6: 5 | F6: 3

Sheet 1
B1: =Teams!$B2 -> JVM | C1: =Teams!$B3 -> Brandon Owens | D1: =Teams!$B4 -> Blake Hooper | E1: =Teams!$B5 -> Brad Park | F1: =Teams!$B6 -> Justin Du
A2: =Teams!A2 -> Dan Raven | B2: 1 | C2: 2 | D2: 3 | E2: 4 | F2: 5
A3: =Teams!A3 -> Bokur Memes | B3: 5 | C3: 4 | D3: 3 | E3: 2 | F3: 1
A4: =Teams!A4 -> Kyle | B4: 3 | C4: 4 | D4: 2 | E4: 3 | F4: 4
A5: =Teams!A5 -> Gatorman Pete | B5: 4 | C5: 4 | D5: 4 | E5: 4 | F5: 4
A6: =Teams!A6 -> Steve King | B6: 3 | C6: 1 | D6: 2 | E6: 5 | F6: 3

Sheet 2
B1: =Teams!$B2 -> JVM | C1: =Teams!$B3 -> Brandon Owens | D1: =Teams!$B4 -> Blake Hooper | E1: =Teams!$B5 -> Brad Park | F1: =Teams!$B6 -> Justin Du
A2: =Teams!A2 -> Dan Raven | B2: 1 | C2: 2 | D2: 3 | E2: 4 | F2: 5
A3: =Teams!A3 -> Bokur Memes | B3: 5 | C3: 4 | D3: 3 | E3: 2 | F3: 1
A4: =Teams!A4 -> Kyle | B4: 3 | C4: 4 | D4: 2 | E4: 3 | F4: 4
A5: =Teams!A5 -> Gatorman Pete | B5: 4 | C5: 4 | D5: 4 | E5: 4 | F5: 4
A6: =Teams!A6 -> Steve King | B6: 3 | C6: 1 | D6: 2 | E6: 5 | F6: 3

Sheet 3
B1: =Teams!$B2 -> JVM | C1: =Teams!$B3 -> Brandon Owens | D1: =Teams!$B4 -> Blake Hooper | E1: =Teams!$B5 -> Brad Park | F1: =Teams!$B6 -> Justin Du
A2: =Teams!A2 -> Dan Raven | B2: 1 | C2: 2 | D2: 3 | E2: 4 | F2: 5
A3: =Teams!A3 -> Bokur Memes | B3: 5 | C3: 4 | D3: 3 | E3: 2 | F3: 1
A4: =Teams!A4 -> Kyle | B4: 3 | C4: 4 | D4: 2 | E4: 3 | F4: 4
A5: =Teams!A5 -> Gatorman Pete | B5: 4 | C5: 4 | D5: 4 | E5: 4 | F5: 4
A6: =Teams!A6 -> Steve King | B6: 3 | C6: 1 | D6: 2 | E6: 5 | F6: 3

Sheet 4
B1: =Teams!$B2 -> JVM | C1: =Teams!$B3 -> Brandon Owens | D1: =Teams!$B4 -> Blake Hooper | E1: =Teams!$B5 -> Brad Park | F1: =Teams!$B6 -> Justin Du
A2: =Teams!A2 -> Dan Raven | B2: 1 | C2: 2 | D2: 3 | E2: 4 | F2: 5
A3: =Teams!A3 -> Bokur Memes | B3: 5 | C3: 4 | D3: 3 | E3: 2 | F3: 1
A4: =Teams!A4 -> Kyle | B4: 3 | C4: 4 | D4: 2 | E4: 3 | F4: 4
A5: =Teams!A5 -> Gatorman Pete | B5: 4 | C5: 4 | D5: 4 | E5: 4 | F5: 4
A6: =Teams!A6 -> Steve King | B6: 3 | C6: 1 | D6: 2 | E6: 5 | F6: 3

Sheet 5
B1: =Teams!$B2 -> JVM | C1: =Teams!$B3 -> Brandon Owens | D1: =Teams!$B4 -> Blake Hooper | E1: =Teams!$B5 -> Brad Park | F1: =Teams!$B6 -> Justin Du
A2: =Teams!A2 -> Dan Raven | B2: 1 | C2: 2 | D2: 3 | E2: 4 | F2: 5
A3: =Teams!A3 -> Bokur Memes | B3: 5 | C3: 4 | D3: 3 | E3: 2 | F3: 1
A4: =Teams!A4 -> Kyle | B4: 3 | C4: 4 | D4: 2 | E4: 3 | F4: 4
A5: =Teams!A5 -> Gatorman Pete | B5: 4 | C5: 4 | D5: 4 | E5: 4 | F5: 4
A6: =Teams!A6 -> Steve King | B6: 3 | C6: 1 | D6: 2 | E6: 5 | F6: 3

Sheet 6
B1: =Teams!$B2 -> JVM | C1: =Teams!$B3 -> Brandon Owens | D1: =Teams!$B4 -> Blake Hooper | E1: =Teams!$B5 -> Brad Park | F1: =Teams!$B6 -> Justin Du
A2: =Teams!A2 -> Dan Raven | B2: 1 | C2: 2 | D2: 3 | E2: 4 | F2: 5
A3: =Teams!A3 -> Bokur Memes | B3: 5 | C3: 4 | D3: 3 | E3: 2 | F3: 1
A4: =Teams!A4 -> Kyle | B4: 3 | C4: 4 | D4: 2 | E4: 3 | F4: 4
A5: =Teams!A5 -> Gatorman Pete | B5: 4 | C5: 4 | D5: 4 | E5: 4 | F5: 4
A6: =Teams!A6 -> Steve King | B6: 3 | C6: 1 | D6: 2 | E6: 5 | F6: 3
